Array Size, Average Heights
10000, 15.970000
100000, 19.980000
1000000, 23.890000
10000000, 27.910000
