Array Size, Total Insertion Time (seconds), Average Insertion Time (seconds), Total Deletion Time (seconds), Average Deletion Time (seconds)
10000, 0.353897, 0.003539, 0.040442, 0.000404
100000, 5.192345, 0.051923, 0.648746, 0.006487
1000000, 105.369219, 1.053692, 14.800115, 0.148001
10000000, 1834.862587, 18.348626, 235.539794, 2.355398
