Array Size,Average Heights
10000,16.160000
100000,20.170000
1000000,24.160000
10000000,28.090000
