Array Size,Average Rotations
10000,3.470000
100000,35.300000
1000000,355.250000
10000000,3535.350000
