Array Size, Average Rotations
10000, 346.550000
100000, 3452.310000
1000000, 34404.090000
10000000, 344566.690000
